Frame,Left Shoulder X,Left Shoulder Y,Left Elbow X,Left Elbow Y,Left Wrist X,Left Wrist Y,Right Shoulder X,Right Shoulder Y,Right Elbow X,Right Elbow Y,Right Wrist X,Right Wrist Y,Left Arm Angle,Right Arm Angle
1.0,1371.3836288452148,775.7787895202637,1534.5059967041016,1089.102087020874,1527.2507858276367,1508.0566120147705,823.6697387695312,713.2436227798462,383.6721611022949,602.2994327545166,833.5098838806152,349.1624593734741,151.5054983290991,43.51972057458365
2.0,1381.5509033203125,775.888352394104,1534.508285522461,1265.2188062667847,1470.7017517089844,1618.9328241348267,823.7097358703613,713.9548802375793,384.0735054016113,601.8983888626099,835.7025146484375,347.0836937427521,152.41591015845762,43.73157272875704
3.0,1383.6819076538086,775.1555943489075,1527.6898956298828,1198.01118850708,1450.6158828735352,1595.499758720398,822.2491264343262,714.0699148178101,384.0208911895752,601.0552310943604,836.8626022338867,345.37713289260864,150.21956011209662,43.9103441715356
4.0,1389.4681549072266,775.2417898178101,1527.8551483154297,1271.7164897918701,1445.9796524047852,1669.8740243911743,822.2766494750977,716.6586756706238,383.8067436218262,602.9167056083679,836.638011932373,346.21694326400757,152.80467008524914,44.09027902560292
5.0,1395.783805847168,775.9939885139465,1525.4936599731445,1299.2355680465698,1443.8407516479492,1701.5944719314575,822.0277976989746,717.1031713485718,383.7807369232178,603.552839756012,840.8872604370117,346.34591460227966,154.60567055929766,43.89176734857278
6.0,1401.3119888305664,776.130588054657,1525.2240371704102,1308.8311386108398,1448.8252258300781,1698.3912706375122,823.6537742614746,718.5470581054688,388.3927059173584,603.1156826019287,851.0950469970703,346.15398645401,155.8094568755504,43.89854992504889
